<?xml version="1.0" encoding="UTF-8"?>
<definitions xmlns="http://www.omg.org/spec/BPMN/20100524/MODEL"
  xmlns:xsi="http://www.w3.org/2001/XMLSchema-instance"
  xmlns:xsd="http://www.w3.org/2001/XMLSchema"
  xmlns:bpmndi="http://www.omg.org/spec/BPMN/20100524/DI"
  xmlns:omgdc="http://www.omg.org/spec/DD/20100524/DC"
  xmlns:omgdi="http://www.omg.org/spec/DD/20100524/DI"
  xmlns:flowable="http://flowable.org/bpmn"
  typeLanguage="http://www.w3.org/2001/XMLSchema"
  expressionLanguage="http://www.w3.org/1999/XPath"
  targetNamespace="http://www.flowable.org/processdef">
  
  <process id="workRequest" name="Work Request" isExecutable="true">

    <startEvent id="startEvent">
    <timerEventDefinition>
              <timeCycle>0 0 * ? * *</timeCycle>
              
            </timerEventDefinition>
            </startEvent>    
  
    <sequenceFlow sourceRef="startEvent" targetRef="workEvent"/>
   <serviceTask id="workEvent" name="Work to be done"
        flowable:class="SchedulingTest.Work">
         
            </serviceTask>
<sequenceFlow sourceRef="workEvent" targetRef="endEvent"/>

    <endEvent id="endEvent"/>
 
    
  </process>

</definitions>
